id,name,target,equipment,movement_pattern,tracking_type,confidence,overridden
"1512","all fours squad stretch","quads","body weight","isolation","time","0.55","yes"
"3214","arms apart circular toe touch (male)","glutes","body weight","isolation","reps","0.50","yes"
"1709","assisted lying glutes stretch","glutes","assisted","isolation","time","0.50","yes"
"1710","assisted lying gluteus and piriformis stretch","glutes","assisted","isolation","time","0.50","yes"
"0016","assisted prone hamstring","hamstrings","assisted","hip_dominant","reps","0.50","no"
"1713","assisted prone lying quads stretch","quads","assisted","isolation","time","0.55","yes"
"3220","astride jumps (male)","cardiovascular system","body weight","isolation","time","0.40","no"
"3672","back and forth step","cardiovascular system","body weight","isolation","time","0.40","no"
"1314","back extension on exercise ball","spine","stability ball","isolation","reps","0.60","no"
"1473","backward jump","quads","body weight","knee_dominant","reps","0.55","no"
"0020","balance board","quads","body weight","isolation","time","0.55","yes"
"0980","band bent-over hip extension","glutes","band","isolation","reps","0.60","no"
"1408","band hip lift","glutes","band","hip_dominant","reps","0.50","no"
"0984","band lying hip internal rotation","glutes","band","isolation","reps","0.50","yes"
"0991","band pull through","glutes","band","hip_dominant","reps","0.50","no"
"0996","band seated hip internal rotation","glutes","band","isolation","reps","0.50","yes"
"0028","barbell clean and press","quads","barbell","hip_dominant","reps","0.55","yes"
"0050","barbell incline shoulder raise","serratus anterior","barbell","isolation","reps","0.40","no"
"0058","barbell lying lifting (on hip)","glutes","barbell","hip_dominant","reps","0.50","no"
"0074","barbell rack pull","glutes","barbell","hip_dominant","reps","0.50","no"
"3212","basic toe touch (male)","glutes","body weight","isolation","reps","0.50","yes"
"3360","bear crawl","cardiovascular system","body weight","isolation","time","0.40","no"
"0130","bench hip extension","glutes","body weight","isolation","reps","0.60","no"
"3639","bent knee lying twist (male)","glutes","body weight","isolation","reps","0.50","yes"
"1160","burpee","cardiovascular system","body weight","isolation","time","0.40","no"
"3235","cable assisted inverse leg curl","hamstrings","cable","isolation","reps","0.60","no"
"0196","cable pull through (with rope)","glutes","cable","hip_dominant","reps","0.50","no"
"0228","cable standing hip extension","glutes","cable","isolation","reps","0.60","no"
"1548","chair leg extended stretch","quads","body weight","isolation","time","0.55","yes"
"2331","cycle cross trainer","cardiovascular system","leverage machine","isolation","distance","0.40","no"
"1201","dumbbell burpee","cardiovascular system","dumbbell","isolation","time","0.40","no"
"0295","dumbbell clean","glutes","dumbbell","hip_dominant","reps","0.50","no"
"0328","dumbbell incline shoulder raise","serratus anterior","dumbbell","isolation","reps","0.40","no"
"0339","dumbbell lying femoral","hamstrings","dumbbell","hip_dominant","reps","0.50","no"
"3888","dumbbell one arm snatch","glutes","dumbbell","hip_dominant","reps","0.50","no"
"2808","dumbbell sumo pull through","glutes","dumbbell","hip_dominant","reps","0.50","no"
"1333","exercise ball back extension with arms extended","spine","stability ball","isolation","reps","0.60","no"
"1334","exercise ball back extension with hands behind head","spine","stability ball","isolation","reps","0.60","no"
"1335","exercise ball back extension with knees off ground","spine","stability ball","isolation","reps","0.60","no"
"1336","exercise ball back extension with rotation","spine","stability ball","isolation","reps","0.60","no"
"1559","exercise ball hip flexor stretch","glutes","stability ball","isolation","time","0.50","yes"
"1338","exercise ball hug","spine","stability ball","isolation","time","0.50","yes"
"1416","exercise ball one leg prone lower body rotation","glutes","stability ball","isolation","reps","0.50","yes"
"1417","exercise ball one legged diagonal kick hamstring curl","glutes","stability ball","isolation","reps","0.60","no"
"1343","exercise ball prone leg raise","spine","stability ball","isolation","reps","0.60","no"
"1560","exercise ball seated hamstring stretch","hamstrings","stability ball","isolation","time","0.50","yes"
"2133","farmers walk","quads","dumbbell","isolation","distance","0.55","yes"
"0459","flutter kicks","glutes","body weight","isolation","reps","0.50","yes"
"1472","forward jump","quads","body weight","knee_dominant","reps","0.55","no"
"3193","glute-ham raise","hamstrings","body weight","isolation","reps","0.60","no"
"3221","half knee bends (male)","cardiovascular system","body weight","isolation","time","0.40","no"
"1511","hamstring stretch","hamstrings","body weight","isolation","time","0.50","yes"
"3218","hands clasped circular toe touch (male)","glutes","body weight","isolation","reps","0.50","yes"
"3215","hands reversed clasped circular toe touch (male)","glutes","body weight","isolation","reps","0.50","yes"
"3636","high knee against wall","cardiovascular system","body weight","isolation","time","0.40","no"
"1418","hug keens to chest","glutes","body weight","knee_dominant","reps","0.50","yes"
"0489","hyperextension","spine","body weight","isolation","reps","0.60","no"
"0488","hyperextension (on bench)","spine","body weight","isolation","reps","0.60","no"
"3011","incline scapula push up","serratus anterior","body weight","isolation","reps","0.40","no"
"1564","intermediate hip flexor and quad stretch","quads","rope","isolation","time","0.55","yes"
"0496","inverse leg curl (bench support)","hamstrings","body weight","isolation","reps","0.60","no"
"1419","iron cross stretch","glutes","body weight","isolation","time","0.50","yes"
"0501","jack burpee","cardiovascular system","body weight","isolation","time","0.40","no"
"3224","jack jump (male)","cardiovascular system","body weight","isolation","time","0.40","no"
"2612","jump rope","cardiovascular system","rope","isolation","time","0.40","no"
"0535","kettlebell hang clean","hamstrings","kettlebell","hip_dominant","reps","0.50","yes"
"0549","kettlebell swing","glutes","kettlebell","hip_dominant","reps","0.50","no"
"0555","kick out sit","hamstrings","body weight","hip_dominant","reps","0.50","no"
"1576","leg up hamstring stretch","hamstrings","body weight","isolation","time","0.50","yes"
"0573","lever back extension","spine","leverage machine","isolation","reps","0.60","no"
"2286","lever hip extension v. 2","glutes","leverage machine","isolation","reps","0.60","no"
"0582","lever kneeling leg curl","hamstrings","leverage machine","isolation","reps","0.60","no"
"0585","lever leg extension","quads","leverage machine","isolation","reps","0.55","no"
"0586","lever lying leg curl","hamstrings","leverage machine","isolation","reps","0.60","no"
"3195","lever lying two-one leg curl","hamstrings","leverage machine","isolation","reps","0.60","no"
"0593","lever reverse hyperextension","glutes","leverage machine","isolation","reps","0.60","no"
"0599","lever seated leg curl","hamstrings","leverage machine","isolation","reps","0.60","no"
"1352","lower back curl","spine","body weight","isolation","reps","0.60","no"
"0613","lying (side) quads stretch","quads","body weight","isolation","time","0.55","yes"
"0624","march sit (wall)","glutes","body weight","knee_dominant","reps","0.50","yes"
"0628","monster walk","glutes","body weight","isolation","reps","0.50","yes"
"0630","mountain climber","cardiovascular system","body weight","isolation","time","0.40","no"
"1403","neck side stretch","levator scapulae","body weight","isolation","time","0.40","yes"
"1422","pelvic tilt into bridge","glutes","body weight","hip_dominant","reps","0.50","no"
"0648","power clean","hamstrings","barbell","hip_dominant","reps","0.50","no"
"3638","push to run","cardiovascular system","body weight","isolation","distance","0.40","no"
"3533","quads","quads","body weight","knee_dominant","reps","0.55","no"
"3552","quick feet v. 2","quads","body weight","knee_dominant","time","0.55","yes"
"0668","rear decline bridge","glutes","body weight","hip_dominant","reps","0.50","no"
"1582","reclining big toe pose with rope","hamstrings","rope","isolation","time","0.50","yes"
"3007","resistance band leg extension","quads","resistance band","isolation","reps","0.55","no"
"0675","reverse hyper extension (on stability ball)","glutes","stability ball","isolation","reps","0.60","no"
"1423","reverse hyper on flat bench","glutes","body weight","isolation","reps","0.50","yes"
"2571","rocking frog stretch","glutes","body weight","isolation","reps","0.50","yes"
"2208","roller back stretch","spine","roller","isolation","time","0.50","yes"
"2205","roller hip lat stretch","glutes","roller","isolation","time","0.50","yes"
"2202","roller hip stretch","glutes","roller","isolation","time","0.50","yes"
"0685","run","cardiovascular system","body weight","isolation","distance","0.40","no"
"0684","run (equipment)","cardiovascular system","body weight","isolation","distance","0.40","no"
"1585","runners stretch","hamstrings","body weight","isolation","time","0.50","yes"
"3219","scissor jumps (male)","cardiovascular system","body weight","isolation","time","0.40","no"
"1424","seated glute stretch","glutes","body weight","isolation","time","0.50","yes"
"2567","seated piriformis stretch","glutes","body weight","isolation","time","0.50","yes"
"1587","seated wide angle pose sequence","hamstrings","body weight","isolation","time","0.50","yes"
"0697","self assisted inverse leg curl","hamstrings","body weight","isolation","reps","0.60","no"
"1766","self assisted inverse leg curl","hamstrings","body weight","isolation","reps","0.60","no"
"0696","self assisted inverse leg curl (on floor)","hamstrings","body weight","isolation","reps","0.60","no"
"3656","short stride run","cardiovascular system","body weight","isolation","distance","0.40","no"
"0716","side push neck stretch","levator scapulae","body weight","isolation","time","0.40","yes"
"3645","single leg bridge with outstretched leg","glutes","body weight","hip_dominant","reps","0.50","no"
"0730","single leg platform slide","hamstrings","body weight","hip_dominant","reps","0.50","no"
"3361","skater hops","cardiovascular system","body weight","isolation","time","0.40","no"
"3671","ski step","cardiovascular system","body weight","isolation","distance","0.40","no"
"0740","sled 45в° leg wide press","glutes","sled machine","knee_dominant","reps","0.50","yes"
"0759","smith incline shoulder raises","serratus anterior","smith machine","isolation","reps","0.40","no"
"0776","snatch pull","quads","barbell","hip_dominant","reps","0.55","yes"
"1362","sphinx","spine","body weight","isolation","time","0.50","yes"
"0778","spider crawl push up","glutes","body weight","isolation","reps","0.50","yes"
"1363","spine stretch","spine","body weight","isolation","time","0.50","yes"
"1599","standing hamstring and calf stretch with strap","hamstrings","rope","isolation","time","0.50","yes"
"1364","standing pelvic tilt","spine","body weight","isolation","time","0.50","yes"
"0795","standing single leg curl","hamstrings","body weight","isolation","reps","0.60","no"
"3223","star jump (male)","cardiovascular system","body weight","isolation","time","0.40","no"
"2138","stationary bike run v. 3","cardiovascular system","stationary bike","isolation","distance","0.40","no"
"0798","stationary bike walk","cardiovascular system","leverage machine","isolation","distance","0.40","no"
"3433","swimmer kicks v. 2 (male)","glutes","body weight","isolation","reps","0.50","yes"
"3318","swing 360","cardiovascular system","body weight","isolation","time","0.40","no"
"2459","tire flip","glutes","tire","hip_dominant","reps","0.50","no"
"1466","twist hip lift","glutes","body weight","hip_dominant","reps","0.50","no"
"3231","two toe touch (male)","spine","body weight","isolation","reps","0.50","yes"
"1366","upward facing dog","spine","body weight","isolation","time","0.50","yes"
"2141","walk elliptical cross trainer","cardiovascular system","elliptical machine","isolation","distance","0.40","no"
"3655","walking high knees lunge","cardiovascular system","body weight","knee_dominant","distance","0.50","no"
"3666","walking on incline treadmill","cardiovascular system","leverage machine","isolation","distance","0.40","no"
"2311","walking on stepmill","cardiovascular system","stepmill machine","isolation","distance","0.40","no"
"0835","weighted hyperextension (on stability ball)","spine","weighted","isolation","reps","0.60","no"
"3637","wheel run","cardiovascular system","body weight","isolation","distance","0.40","no"
"1604","world greatest stretch","hamstrings","body weight","hip_dominant","reps","0.50","no"
